Банк,все услуги,Автокредиты,Вклады,Дебетовые карты,Депозиты для бизнеса,Дистанционное обслуживание,Ипотечные кредиты,Кредитные карты,Кредитование бизнеса,Лизинг,Обслуживание юрлиц,Потребительские кредиты,Реструктуризация кредитов,Год
Пробизнесбанк,"3,9","4,20","3,42","4,30","3,62","2,83","3,04","4,92","3,93","3,02","4,19","3,10",0,2005.01.01
Первый Республиканский Банк,"4,59","3,61","3,25","4,19","4,30","4,03","4,76","3,88","4,27","3,97","4,51","3,87",0,2005.01.01
Авангард,"3,7","3,47","3,02","3,58","4,66","4,58","2,79","4,27","2,76","3,27","4,16","4,81","3,60",2005.01.01
ЮниКредит Банк,"3,78","4,42","4,16","4,55","2,92","4,44","4,02","4,85","3,69","3,14","4,84","3,34","3,42",2005.01.01
Экспобанк,"4,21","4,85","4,76","3,91","4,65","4,60","3,78","3,83","4,16","3,20","3,40","4,69",0,2005.01.01
Райффайзенбанк,"3,6","3,42","3,46","4,41","3,70","2,69","4,45","3,87","3,83","2,84","4,27","4,67","2,67",2005.01.01
Бинбанк,"3,62","3,28","3,20","2,71","4,51","3,23","3,95","4,35","4,46","4,29","3,09","3,82","3,07",2005.01.01
Московский Кредитный Банк,"3,72","3,79","4,33","3,19","4,18","3,34","4,01","4,30","4,80","3,69","3,17","3,64","3,39",2005.01.01
Банк Сосьете Женераль Восток,"3,57","3,09","4,45","3,96","4,44","3,61","3,31","3,38","2,73","4,44","4,53","4,57","4,59",2005.01.01
Банк24.ру,"4,3","4,31","3,43","3,51","4,10","3,42","4,63","3,12","4,77","3,97","4,71","4,72",0,2005.01.01
Абсолют Банк,"3,55","3,51","3,35","2,57","2,88","2,86","3,04","3,99","2,69","4,60","4,22","3,84","3,75",2005.01.01
Петрокоммерц,"3,59","4,51","4,48","3,51","3,66","3,93","4,13","3,95","4,60","3,31","4,44","3,64","3,71",2005.01.01
Банк «Открытие»,"3,49","3,22","3,76","3,15","2,68","4,26","2,71","2,51","2,91","3,44","3,66","4,12","3,08",2005.01.01
Возрождение,"3,63","2,89","3,38","4,36","3,21","2,75","2,71","2,97","4,67","4,22","4,49","2,57","3,18",2005.01.01
Союз,"3,63","4,17","3,51","3,80","3,74","2,62","2,68","4,14","3,29","4,31","3,31","4,26","3,78",2005.01.01
ВТБ Северо-Запад,"3,7","2,78","3,63","4,07","3,61","3,36","3,68","3,52","3,78","4,27","4,11","2,88","3,45",2005.01.01
ОТП Банк,"3,36","2,89","2,58","3,13","2,48","2,98","3,36","3,92","4,33","4,33","2,79","4,04","2,75",2005.01.01
Глобэкс,"3,32","3,12","3,39","3,21","2,39","2,33","3,13","2,95","2,50","3,61","3,19","3,23","4,04",2005.01.01
ВТБ 24,"3,19","2,29","3,71","3,14","2,88","3,69","2,48","3,38","2,42","3,26","3,00","3,66","3,58",2005.01.01
ИМПЭКСБанк,"3,17","2,53","3,61","3,09","3,16","2,28","2,67","3,68","4,11","3,00","2,51","3,88","3,56",2005.01.01
Международный Промышленный Банк,"3,59","3,15","3,45","3,44","3,10","4,60","3,68","3,94","3,18","3,26","3,59","4,40","4,37",2005.01.01
Славянский Кредит,"3,2","2,42","2,24","2,27","3,40","2,30","3,76","3,92","3,40","3,95","2,83","2,27","3,91",2005.01.01
Собинбанк,"3,12","2,88","2,45","2,65","2,92","3,70","3,15","2,67","2,51","2,32","3,68","3,04","2,26",2005.01.01
МДМ-Банк,"3,1","2,41","3,53","3,31","3,91","3,90","3,73","2,91","3,84","2,54","2,83","3,13","3,47",2005.01.01
Инвестторгбанк,"3,25","4,07","3,68","2,28","3,83","3,20","3,60","2,86","2,33","2,81","3,89","2,98","2,87",2005.01.01
Хоум Кредит Банк,"3,01","3,29","3,09","3,09","2,69","3,56","3,74","2,56","2,53","2,91","3,02","2,81","3,86",2005.01.01
Промсвязьбанк,"3,07","2,63","3,84","2,87","2,18","3,43","3,41","2,74","2,61","3,17","3,48","3,68","2,88",2005.01.01
Лефко-Банк,"3,11","2,21","2,65","3,84","3,72","2,30","3,07","2,66","2,83","2,36","2,73","2,70","3,44",2005.01.01
ДельтаКредит,"3,11","2,86","3,68","2,40","3,06","2,73","2,77","3,75","3,91","2,39","2,23","3,73","2,27",2005.01.01
Банк Уралсиб,"2,98","2,57","3,64","3,60","3,71","3,79","2,23","3,12","3,08","3,36","3,76","2,43","2,59",2005.01.01
МТС Банк,"2,94","3,12","3,54","2,58","2,84","2,77","2,10","3,46","2,48","3,07","2,14","2,08","2,54",2005.01.01
Балтийский Банк,"2,88","2,41","2,34","3,37","3,73","2,24","2,07","3,00","3,20","3,46","2,66","3,63","2,09",2005.01.01
ВТБ Банк Москвы,"2,92","2,81","3,57","2,58","3,34","2,12","3,50","3,48","2,26","2,08","3,39","2,80","3,04",2005.01.01
Альфа-Банк,"2,89","2,42","2,89","3,05","3,01","3,74","3,34","2,04","2,72","2,53","3,02","2,89","3,08",2005.01.01
Банк Жилищного Финансирования,"2,77","3,09","3,55","3,30","2,70","3,49","3,04","2,65","3,56","2,92","2,14","2,77","2,23",2005.01.01
Ренессанс Кредит,"2,86","2,46","2,48","2,27","2,92","3,25","2,02","3,43","3,42","2,26","2,99","2,09","2,17",2005.01.01
Современный Коммерческий Банк (бывш. ДжиИ Мани Банк),"2,81","1,99","1,98","3,60","2,79","3,01","2,84","2,74","2,75","2,04","2,00","3,55","3,45",2005.01.01
Нордеа Банк,"2,68","2,44","3,36","3,42","2,53","2,56","2,40","3,32","2,86","2,03","2,04","2,25","2,18",2005.01.01
Бинбанк кредитные карты,"2,82","3,10","2,31","3,34","3,26","2,69","3,65","2,49","3,19","2,20","2,61","2,82","3,47",2005.01.01
Юниаструм Банк,"2,81","2,41","3,63","2,44","2,86","3,10","3,04","2,70","3,46","2,10","3,60","3,59","2,19",2005.01.01
БМ-Банк (бывш. Банк Москвы),"2,76","3,28","2,15","2,82","2,40","3,10","2,09","3,31","2,76","3,19","2,27","3,38","3,36",2005.01.01
Росбанк,"2,7","1,94","2,59","2,57","2,92","2,74","3,23","2,13","3,16","2,35","2,76","3,50","2,76",2005.01.01
Сбербанк России,"2,67","3,32","3,40","2,21","2,66","2,53","2,58","3,47","1,88","2,15","2,39","2,01","2,12",2005.01.01
Первое О. В. К.,"2,12","2,60","2,47","2,54","1,67","2,38","2,24","1,75","2,00","2,68","2,58","2,54","1,99",2005.01.01
Бест Эффортс Банк,"2,12","2,55","2,48","2,59","2,19","1,61","1,69","2,09","2,20","2,49","2,05","1,62","2,42",2005.01.01
Московский Индустриальный Банк,"2,01","1,85","1,73","1,73","1,57","1,91","1,48","1,93","1,94","2,06","1,89","2,38","2,42",2005.01.01
Русский Стандарт,"2,56","3,23","2,52","2,13","2,52","2,76","1,92","3,28","2,20","2,18","2,52","2,83","2,40",2005.01.01
Мастер-Банк,"2,27","1,64","2,17","1,88","2,88","1,89","2,72","2,42","2,73","2,03","2,02","2,17","2,02",2005.01.01
Кредит Европа Банк,"2,41","1,78","2,11","2,38","2,08","2,30","1,97","2,98","2,17","2,97","2,37","2,40","2,08",2005.01.01
Ситибанк,"2,4","2,92","2,42","1,98","2,80","2,82","2,46","2,59","1,90","2,01","2,92","2,05","2,31",2005.01.01
Авангард,"3,67","4,56","3,57","3,53","3,27","2,81","4,01","4,40","4,27","2,68","4,75","3,61","4,13",2006.01.01
ЮниКредит Банк,"3,65","3,00","3,28","3,31","3,99","4,39","4,11","2,57","4,32","3,25","3,82","3,36","3,91",2006.01.01
Пробизнесбанк,"3,72","3,07","3,27","3,98","3,20","3,58","3,43","4,02","3,21","3,70","2,91","3,25","3,97",2006.01.01
Первый Республиканский Банк,"4,04","4,58","3,37","2,91","4,61","3,36","4,33","3,41","4,33","3,53","4,99","3,93",0,2006.01.01
Ханты-Мансийский банк Открытие,"3,47","2,52","3,55","2,79","3,46","2,80","3,81","4,45","3,83","4,15","3,33","2,77","2,96",2006.01.01
Глобэкс,"3,7","2,62","3,36","3,40","3,57","4,10","3,93","4,32","4,35","4,21","3,63","4,05","4,63",2006.01.01
Московский Кредитный Банк,"3,68","2,68","3,36","3,85","4,73","2,91","4,63","4,71","3,39","3,11","3,86","3,37","3,17",2006.01.01
Абсолют Банк,"3,39","4,28","2,85","2,76","2,64","3,02","3,00","3,26","3,65","4,09","2,97","2,54","3,68",2006.01.01
Райффайзенбанк,"3,29","2,79","3,97","2,50","2,39","3,85","3,87","3,59","2,40","2,66","4,00","2,99","3,96",2006.01.01
МДМ-Банк,"3,3","2,35","2,33","3,35","2,33","3,78","3,73","2,55","2,35","2,44","2,67","2,61","3,72",2006.01.01
Петрокоммерц,"3,82","3,74","4,86","3,94","3,08","2,93","4,49","2,86","2,98","2,68","4,55","2,73","4,51",2006.01.01
Межпромбанк Плюс,"3,76","2,85","3,58","3,89","3,01","4,10","2,86","2,79","2,74","4,28","4,76","3,16","2,83",2006.01.01
Национальный Банк «Траст»,"3,5","2,96","4,05","3,06","2,88","2,57","3,07","4,07","3,38","3,66","2,73","4,51","3,51",2006.01.01
ИМПЭКСБанк,"3,12","2,87","2,30","3,26","2,99","3,80","3,33","2,24","4,01","3,27","3,30","3,99","2,71",2006.01.01
РосЕвроБанк,"3,31","4,09","2,53","2,91","3,23","3,15","3,19","3,32","2,81","3,92","3,84","3,54","2,51",2006.01.01
Балтийский Банк,"3,11","3,92","2,68","2,78","2,48","3,77","3,45","4,00","3,59","2,57","3,36","3,34","3,57",2006.01.01
Банк Сосьете Женераль Восток,"3,05","2,82","3,19","3,40","2,68","2,92","2,33","3,49","2,26","3,79","3,39","3,06","3,36",2006.01.01
Собинбанк,"2,98","2,83","3,52","2,80","3,59","2,46","2,77","3,84","2,34","3,00","2,58","2,19","3,02",2006.01.01
АМТ Банк,"3,43","3,57","2,82","3,69","2,98","3,20","2,82","3,52","3,00","3,86","3,07","3,54","3,08",2006.01.01
Бинбанк,"3,06","3,96","2,96","2,60","2,96","2,34","3,50","3,42","2,62","3,90","2,89","3,37","3,66",2006.01.01
МТС Банк,"3,06","3,22","3,08","3,72","3,18","3,95","3,49","2,31","2,53","3,10","2,18","2,32","3,12",2006.01.01
Бест Эффортс Банк,"3,06","2,37","3,51","3,26","3,67","3,85","2,17","2,51","3,34","3,94","2,56","3,70","3,07",2006.01.01
Юниаструм Банк,"2,8","2,55","3,34","2,50","2,54","2,25","2,67","2,07","3,61","2,49","2,27","1,99","2,26",2006.01.01
ВТБ Северо-Запад,"2,92","3,21","2,69","2,86","2,87","3,32","2,75","2,32","2,46","3,36","3,57","3,70","2,92",2006.01.01
Бинбанк кредитные карты,"2,8","2,81","3,36","2,92","2,55","3,37","3,40","3,04","2,94","2,45","1,97","2,67","2,56",2006.01.01
Межрегиональный Почтовый Банк,"2,65","2,35","3,13","3,30","2,37","2,08","2,98","2,62","2,66","1,94","2,64","2,76","3,20",2006.01.01
Газпромбанк,"2,66","2,44","3,42","3,38","3,09","2,72","2,55","3,04","3,24","1,93","3,15","2,79","3,01",2006.01.01
ОТП Банк,"2,75","2,62","2,67","2,68","3,03","3,44","3,44","1,96","2,01","2,21","2,73","3,33","3,21",2006.01.01
Возрождение,"2,62","2,67","1,90","2,99","2,00","1,99","2,72","2,97","2,08","3,29","2,55","1,89","3,16",2006.01.01
Мастер-Банк,"2,65","3,09","2,42","2,87","2,20","2,34","3,04","3,31","2,20","3,31","1,86","1,95","3,44",2006.01.01
Союз,"2,66","2,48","1,99","3,06","3,13","3,29","3,37","3,40","2,11","2,44","2,57","2,17","2,09",2006.01.01
Славянский Кредит,"2,45","2,81","3,14","1,77","2,86","2,80","2,55","2,63","2,26","1,97","2,89","2,38","1,96",2006.01.01
Московский Индустриальный Банк,"2,34","2,30","2,43","1,80","2,62","3,01","2,78","2,60","2,97","1,74","2,33","2,75","1,77",2006.01.01
Банк «Санкт-Петербург»,"2,21","2,73","2,67","1,56","1,94","2,52","2,03","2,73","1,92","2,50","1,66","2,28","1,70",2006.01.01
БМ-Банк (бывш. Банк Москвы),"2,58","2,72","2,25","2,00","2,81","2,43","2,50","1,90","2,42","2,78","3,01","3,29","3,18",2006.01.01
Инвестторгбанк,"2,41","1,91","1,88","2,80","1,88","3,02","2,32","3,09","2,25","1,76","1,78","1,73","2,44",2006.01.01
Ренессанс Кредит,"2,53","2,01","2,61","2,46","2,88","2,64","2,59","2,66","2,33","2,83","2,14","3,14","2,91",2006.01.01
Сбербанк России,"2,53","3,24","2,05","2,68","2,97","2,58","2,15","3,26","1,87","2,64","1,95","3,15","3,01",2006.01.01
Современный Коммерческий Банк (бывш. ДжиИ Мани Банк),"2,39","3,07","2,52","1,95","1,75","2,09","3,00","1,85","2,15","2,96","2,39","2,12","2,53",2006.01.01
Альфа-Банк,"2,46","3,13","2,88","2,22","2,45","3,04","2,38","2,17","1,99","2,21","3,03","3,01","2,74",2006.01.01
Банк Уралсиб,"2,38","2,55","1,97","2,17","1,76","2,80","3,04","1,86","2,39","1,97","2,08","1,76","2,65",2006.01.01
Промсвязьбанк,"2,32","1,87","2,54","2,29","2,05","2,49","1,65","1,80","2,29","1,85","2,85","2,71","2,32",2006.01.01
Русский Стандарт,"2,4","1,79","2,03","3,02","2,79","1,97","2,50","1,77","2,36","2,04","2,48","3,03","2,36",2006.01.01
ВТБ Банк Москвы,"2,22","1,59","2,03","2,07","2,63","2,40","1,80","2,63","2,43","2,87","1,74","2,51","1,98",2006.01.01
Кредит Европа Банк,"2,3","1,96","1,83","2,36","2,04","2,85","2,35","2,63","2,86","2,86","2,31","1,79","2,79",2006.01.01
ВТБ 24,"2,37","1,94","2,69","2,54","2,16","1,97","2,08","2,54","1,78","2,39","1,81","1,98","2,50",2006.01.01
Росбанк,"2,36","2,39","3,03","2,20","2,85","2,90","2,90","2,26","3,00","1,87","2,17","1,82","2,31",2006.01.01
СДМ-Банк,"1,47","1,33","1,40","1,29","1,47","1,65","1,10","1,78","1,60","1,61","1,87","1,43","1,44",2006.01.01
Ситибанк,"2,21","2,23","2,03","2,78","2,42","1,80","1,69","2,73","1,99","1,64","2,30","2,75","2,51",2006.01.01
Хоум Кредит Банк,"2,01","1,88","1,74","2,58","1,66","1,92","2,39","2,04","1,45","1,94","2,22","1,87","1,85",2006.01.01
Авангард,"3,82","3,51","2,84","4,31","4,88","4,37","4,79","4,04","3,65","3,37","4,01","3,81","4,59",2007.01.01
Северная Казна,"4,32","4,95","3,92","4,94","3,05","3,54","4,47","3,61","4,69","3,04","3,97","3,15",0,2007.01.01
Витас Банк,4,"4,25","3,71","3,83","4,00","2,96","3,43","3,53","3,49","4,51","4,60","4,19",0,2007.01.01
Абсолют Банк,"3,31","2,96","3,88","2,62","3,75","2,72","3,42","4,06","3,94","2,55","3,42","3,27","2,73",2007.01.01
Ханты-Мансийский банк Открытие,"3,29","4,09","2,57","3,66","2,94","3,58","2,56","4,15","2,99","3,94","2,49","2,77","2,42",2007.01.01
Капитал Кредит,"3,35","3,85","2,39","3,78","4,14","3,42","2,53","4,12","3,43","3,04","3,22","3,70","4,27",2007.01.01
Пробизнесбанк,"3,16","4,04","3,54","3,53","3,00","2,40","2,43","2,42","2,25","3,89","3,70","3,30","2,38",2007.01.01
Промсвязьбанк,"3,1","2,71","2,47","3,48","2,45","3,94","2,27","2,47","2,89","3,93","4,01","2,77","3,97",2007.01.01
Банк Сосьете Женераль Восток,"3,11","3,85","3,16","2,28","3,01","2,68","3,76","3,48","3,98","3,40","2,30","3,61","2,40",2007.01.01
МТС Банк,"3,04","3,93","3,42","2,52","2,94","3,02","2,69","2,94","3,28","2,23","2,76","2,65","2,38",2007.01.01
Русфинанс Банк,"3,2","2,95","3,22","2,92","2,89","3,95","4,07","2,37","2,48","2,69","2,67","3,34","3,70",2007.01.01
ЮниКредит Банк,"2,95","2,19","3,16","2,97","3,50","3,55","3,55","2,81","2,47","2,29","2,96","3,69","3,73",2007.01.01
Глобэкс,"2,98","2,72","2,64","3,13","3,67","3,86","3,10","3,22","2,12","3,71","3,33","3,86","3,54",2007.01.01
Юниаструм Банк,"2,89","2,10","2,18","2,78","2,86","3,21","2,55","3,35","2,99","3,70","2,82","3,35","3,07",2007.01.01
СДМ-Банк,"2,93","2,69","3,04","3,79","2,63","3,41","3,70","3,68","3,77","3,74","3,57","2,11","3,15",2007.01.01
Банк Финсервис,"2,8","3,25","2,50","3,32","3,55","2,56","2,17","2,89","2,09","2,48","3,19","3,42","2,71",2007.01.01
Бинбанк Столица,"3,14","2,34","3,49","3,47","3,66","3,19","4,07","2,72","2,38","2,31","3,72","3,63","2,75",2007.01.01
Московский Индустриальный Банк,3,"2,96","2,62","3,18","2,87","3,27","2,13","3,52","2,64","2,86","2,29","2,79","3,42",2007.01.01
Мастер-Банк,"2,82","3,39","3,53","2,63","2,69","2,06","2,94","2,79","3,32","2,94","2,31","3,49","3,05",2007.01.01
Банк Интеза,"2,84","3,62","3,25","2,02","2,86","3,20","2,14","2,12","2,86","3,20","2,83","2,47","2,40",2007.01.01
Бинбанк,"2,68","3,30","2,65","2,38","2,00","2,22","1,91","1,94","2,32","2,44","2,34","2,64","3,44",2007.01.01
Возрождение,"2,68","2,34","1,96","1,88","3,26","2,82","3,37","2,99","2,37","2,92","2,47","2,49","2,87",2007.01.01
Московский Кредитный Банк,"2,71","2,35","1,96","3,23","2,54","3,05","2,25","3,34","2,41","3,24","2,91","2,34","2,09",2007.01.01
Русский Стандарт,"2,62","3,21","2,92","2,63","2,32","2,88","2,39","2,62","3,15","2,25","2,05","3,35","2,05",2007.01.01
Союз,"2,66","3,38","3,19","2,43","3,24","1,89","2,21","2,98","2,00","2,41","3,12","1,94","2,01",2007.01.01
Банк «Санкт-Петербург»,"2,56","2,75","2,06","2,87","2,79","1,87","2,83","2,52","2,07","1,81","2,33","2,82","2,28",2007.01.01
Райффайзенбанк,"2,65","2,45","2,16","2,05","2,58","2,08","2,15","2,16","3,43","2,30","2,75","3,11","2,53",2007.01.01
МДМ-Банк,"2,57","2,62","1,86","1,80","1,84","3,11","2,80","3,21","2,55","3,19","2,84","2,54","2,95",2007.01.01
АМТ Банк,"2,47","2,68","2,07","1,95","2,27","2,92","2,11","3,14","2,88","2,10","1,85","2,52","2,07",2007.01.01
Альфа-Банк,"2,5","1,79","2,01","2,42","2,81","2,73","2,62","2,36","2,65","1,82","1,75","1,79","3,08",2007.01.01
ОТП Банк,"2,44","1,78","1,74","2,95","2,37","2,96","2,41","2,83","2,06","2,31","3,12","2,30","2,01",2007.01.01
Собинбанк,"2,46","3,07","2,20","3,16","2,59","2,97","1,84","2,11","2,27","2,02","1,94","2,37","2,84",2007.01.01
КИТ Финанс Инвестиционный Банк,"2,43","2,46","2,40","1,99","1,94","2,24","3,08","2,44","2,38","2,78","2,50","3,12","2,19",2007.01.01
Современный Коммерческий Банк (бывш. ДжиИ Мани Банк),"2,42","2,55","2,90","2,35","2,88","2,37","2,52","3,09","3,09","2,72","3,07","2,33","2,88",2007.01.01
Петровский,"2,34","2,07","2,72","1,89","1,68","2,50","2,89","3,00","2,09","2,81","2,53","1,78","3,04",2007.01.01
ВТБ Северо-Запад,"2,18","1,55","2,72","2,35","1,93","2,46","2,24","2,52","2,40","1,68","2,57","2,34","1,97",2007.01.01
Национальный Банк «Траст»,"2,39","3,05","1,72","1,85","1,91","2,64","1,99","2,03","2,55","2,37","2,16","2,88","2,60",2007.01.01
Банк Уралсиб,"2,46","2,68","3,01","2,33","1,79","2,41","1,74","2,64","2,06","2,24","2,96","3,00","2,09",2007.01.01
РосЕвроБанк,"2,12","2,07","2,28","2,70","1,74","2,36","2,52","2,28","1,81","1,69","1,58","1,55","2,01",2007.01.01
Бинбанк кредитные карты,"2,3","1,73","1,91","2,86","2,22","1,99","2,78","1,61","2,39","1,76","2,26","2,18","1,71",2007.01.01
Газпромбанк,"2,12","2,60","1,82","2,33","2,37","2,53","2,31","2,65","1,79","1,69","2,31","2,46","1,61",2007.01.01
Балтийский Банк,"2,26","2,21","2,29","2,11","1,88","2,50","2,77","1,83","2,18","2,91","2,57","1,80","2,33",2007.01.01
Ситибанк,"2,32","1,92","2,64","2,18","2,89","2,28","2,13","2,79","2,08","2,98","1,76","2,53","2,48",2007.01.01
БМ-Банк (бывш. Банк Москвы),"2,25","2,35","2,13","1,63","2,23","2,80","2,75","1,92","2,21","2,05","2,70","1,59","1,61",2007.01.01
Хоум Кредит Банк,"1,99","1,42","1,48","1,41","1,89","1,76","1,44","2,44","2,16","1,72","2,17","2,38","2,23",2007.01.01
Сбербанк России,"2,17","2,00","1,84","2,79","1,52","1,93","2,66","2,68","2,15","1,80","2,75","2,17","2,43",2007.01.01
ВТБ 24,"2,14","1,66","1,93","1,52","1,59","1,70","1,80","2,23","2,45","2,00","2,72","1,57","2,11",2007.01.01
Кредит Европа Банк,"2,03","1,86","1,58","1,65","2,48","1,47","2,00","1,94","1,65","1,85","2,41","2,58","1,85",2007.01.01
Ренессанс Кредит,"1,89","1,87","1,83","1,50","1,65","2,38","1,86","1,77","2,19","1,72","1,98","1,44","1,69",2007.01.01
Росбанк,"1,78","2,24","1,64","1,47","1,31","1,95","2,26","1,33","1,84","1,78","1,26","2,19","1,29",2007.01.01
Авангард,"3,71","2,89","2,76","3,99","3,18","4,42","3,61","3,81","3,31","2,67","4,33","2,65","3,52",2008.01.01
Тинькофф Банк,"3,49","4,46","4,50","4,48","3,29","3,21","4,21","4,33","4,47","3,78","3,47","3,82","3,18",2008.01.01
Юниаструм Банк,"3,3","2,67","3,80","2,50","3,74","2,56","2,99","3,43","4,02","3,74","4,01","3,11","3,56",2008.01.01
ДельтаКредит,"3,66","2,66","2,93","3,69","3,25","4,06","2,59","2,92","4,73","2,76","3,80","4,46","3,01",2008.01.01
Северная Казна,"3,48","2,85","2,75","2,77","3,25","4,41","4,01","3,34","4,41","3,73","3,50","4,46","3,49",2008.01.01
Восточный Экспресс Банк,"3,24","2,67","2,81","2,90","3,39","3,90","2,67","2,44","3,59","3,21","2,84","3,81","2,55",2008.01.01
Московский Областной Банк,"3,4","4,09","3,15","3,39","4,14","2,72","2,53","2,74","4,00","3,52","2,58","3,29","3,17",2008.01.01
Бинбанк,"3,23","3,23","3,76","3,50","3,80","3,05","3,70","3,59","3,52","3,93","3,41","2,61","2,40",2008.01.01
Банк Сосьете Женераль Восток,"3,23","3,99","3,39","3,07","3,61","3,25","3,83","2,54","4,15","2,77","3,63","3,40","2,58",2008.01.01
АМТ Банк,"3,24","2,44","3,13","2,97","2,91","2,53","3,44","3,17","2,74","3,66","3,05","2,95","2,31",2008.01.01
МДМ-Банк,"3,12","3,07","4,05","3,10","3,19","3,06","3,02","3,04","3,39","2,90","3,54","3,80","3,92",2008.01.01
Русский Стандарт,"3,06","3,06","2,65","3,59","3,90","3,32","3,64","3,02","3,83","2,49","3,31","2,71","2,61",2008.01.01
Пробизнесбанк,"2,99","3,73","2,11","3,78","2,14","3,88","2,45","2,85","3,47","3,85","2,73","3,88","2,33",2008.01.01
Глобэкс,"3,19","4,11","3,36","4,05","3,71","3,31","3,70","3,23","2,24","2,47","3,97","2,98","2,37",2008.01.01
Промсвязьбанк,"2,93","2,95","2,87","3,50","2,52","3,60","2,99","3,27","3,65","2,77","3,48","2,21","3,09",2008.01.01
Абсолют Банк,"2,92","3,23","2,17","2,28","3,12","3,64","2,08","2,08","3,55","2,46","3,41","3,56","2,73",2008.01.01
СМП Банк,"2,99","2,76","3,12","2,38","3,17","3,74","3,51","2,66","2,41","3,00","2,94","2,72","3,82",2008.01.01
Транспортный,"2,96","3,01","3,76","3,04","2,86","2,49","3,23","2,69","3,74","2,44","2,37","2,22","2,61",2008.01.01
Московский Капитал,"2,93","3,65","2,15","3,12","3,36","2,77","2,91","3,79","2,77","3,00","2,65","3,16","2,77",2008.01.01
Возрождение,"2,81","2,14","2,64","2,25","2,64","3,32","2,25","2,79","2,14","2,91","3,63","2,05","3,59",2008.01.01
Московский Кредитный Банк,"2,73","3,33","2,73","2,52","3,09","2,84","3,50","2,43","3,08","2,51","2,64","2,44","3,09",2008.01.01
ЮниКредит Банк,"2,71","3,17","3,23","2,22","2,66","1,94","2,63","2,64","2,32","2,88","2,46","2,77","2,98",2008.01.01
Банк «Санкт-Петербург»,"2,72","3,27","1,93","2,44","2,13","3,30","2,83","2,98","3,41","2,98","2,19","2,32","2,01",2008.01.01
Альфа-Банк,"2,63","3,38","2,99","2,96","1,92","3,03","2,44","3,10","2,31","2,98","3,00","1,99","1,85",2008.01.01
Ханты-Мансийский банк Открытие,"2,6","2,87","2,70","2,87","2,73","2,47","2,44","1,83","2,72","2,27","2,68","3,00","1,95",2008.01.01
Росгосстрах Банк,"2,69","2,45","2,34","2,51","3,13","2,11","1,92","1,90","2,89","3,23","1,95","2,91","2,37",2008.01.01
ОТП Банк,"2,6","2,22","3,04","2,66","2,42","3,32","2,54","3,38","2,54","1,93","3,36","3,31","1,94",2008.01.01
Собинбанк,"2,66","2,06","3,00","2,57","2,56","2,30","2,71","3,27","1,94","3,33","2,57","2,51","3,23",2008.01.01
Мастер-Банк,"2,42","2,48","3,03","2,14","2,96","2,96","2,80","2,88","3,09","2,49","1,83","3,05","2,34",2008.01.01
Современный Коммерческий Банк (бывш. ДжиИ Мани Банк),"2,46","1,79","2,06","1,92","2,98","2,85","2,05","3,12","2,66","2,78","2,26","2,40","2,68",2008.01.01
Ренессанс Кредит,"2,46","2,93","2,26","2,79","3,08","2,47","2,31","2,99","2,53","2,53","2,46","2,38","2,68",2008.01.01
Национальный Банк «Траст»,"2,41","2,57","1,85","2,37","3,09","3,04","2,17","2,56","2,87","1,88","1,90","1,81","2,42",2008.01.01
Балтийский Банк,"2,33","2,49","2,84","2,91","2,34","2,56","1,76","1,97","2,00","2,46","2,65","1,80","2,20",2008.01.01
Банк Финсервис,"2,35","2,29","1,80","2,97","2,55","2,16","2,48","2,48","3,05","1,69","1,77","2,65","2,95",2008.01.01
Русфинанс Банк,"2,29","2,54","2,08","2,82","2,11","2,93","2,26","2,28","1,78","2,27","2,57","2,38","2,64",2008.01.01
Банк24.ру,"2,34","1,94","2,04","2,33","2,77","2,82","2,38","2,87","1,97","1,93","2,98","1,95","1,68",2008.01.01
Сбербанк России,"2,36","3,03","1,66","2,03","1,88","2,40","1,73","1,93","2,46","2,48","2,18","2,61","2,12",2008.01.01
Ситибанк,"2,34","1,78","3,04","3,04","3,04","1,78","1,67","1,85","2,93","2,98","2,01","2,70","2,16",2008.01.01
Петровский,"2,25","2,43","1,62","1,87","2,49","1,69","2,68","1,87","2,33","2,48","2,14","1,66","2,84",2008.01.01
МДМ Банк,"2,09","1,58","2,29","2,67","2,02","2,52","2,48","2,02","1,99","2,02","2,41","2,03","2,18",2008.01.01
Банк Уралсиб,"2,22","1,91","1,89","2,68","2,78","2,37","2,59","2,74","2,85","1,97","1,95","2,13","1,89",2008.01.01
Райффайзенбанк,"2,25","2,24","2,10","1,88","1,86","2,69","2,52","2,43","1,83","2,55","2,85","2,43","2,79",2008.01.01
Союз,"2,14","1,64","1,85","2,17","1,79","2,74","2,75","1,96","1,74","1,74","2,48","1,95","1,85",2008.01.01
Хоум Кредит Банк,"2,14","1,68","2,47","2,60","1,60","1,75","2,52","2,54","2,45","1,78","2,42","2,00","2,10",2008.01.01
ВТБ 24,"2,17","2,74","1,90","2,73","2,41","1,68","2,45","2,49","1,87","2,68","2,65","2,41","2,56",2008.01.01
Росбанк,"2,09","2,35","1,80","2,21","1,64","1,73","1,50","2,38","2,08","2,71","1,84","2,34","2,10",2008.01.01
Российский Капитал,"1,72","1,81","1,60","2,02","1,64","1,35","1,28","1,25","2,20","2,12","1,21","1,89","1,31",2008.01.01
БМ-Банк (бывш. Банк Москвы),"2,05","2,25","1,68","1,96","1,86","1,51","2,31","2,56","2,05","1,48","1,50","1,83","2,55",2008.01.01
Бинбанк кредитные карты,"1,88","2,06","2,37","1,92","2,19","2,12","2,42","2,27","1,83","2,37","1,79","1,76","1,95",2008.01.01
Кредит Европа Банк,"1,82","2,36","2,34","1,54","1,71","1,81","2,31","1,35","1,69","1,82","2,26","1,58","1,35",2008.01.01
АМТ Банк,"4,38","4,21","4,73","3,61","4,45","4,31","4,89","4,59","4,03","4,16","3,23","3,38",0,2009.01.01
Инвестбанк,"3,98","4,38","4,69","4,62","4,62","4,16","2,97","4,16","3,24","4,77","2,97","3,42",0,2009.01.01
Авангард,"3,69","3,81","3,41","2,71","3,40","3,76","3,95","4,51","3,89","4,36","3,18","3,72","3,59",2009.01.01
Тинькофф Банк,"3,69","3,54","3,61","3,06","4,52","3,01","4,45","3,06","4,73","2,98","3,29","3,79","2,88",2009.01.01
Московский Кредитный Банк,"3,66","3,48","3,50","3,27","3,15","2,61","4,64","3,71","3,07","4,33","3,74","4,48","3,92",2009.01.01
Юниаструм Банк,"3,55","4,20","2,92","4,48","3,69","2,95","4,26","4,53","3,68","4,56","3,50","2,87","2,90",2009.01.01
Абсолют Банк,"3,7","3,97","4,13","4,27","3,31","4,72","2,74","3,09","3,67","2,78","4,70","4,61","2,75",2009.01.01
СМП Банк,"3,63","2,84","3,87","2,64","4,02","4,47","3,09","4,36","4,47","4,58","4,01","4,33","4,45",2009.01.01
Пробизнесбанк,"3,54","4,53","2,70","2,49","4,04","3,99","3,00","3,62","3,22","2,57","3,90","2,97","4,38",2009.01.01
Союз,"3,71","3,70","4,05","4,02","3,00","2,67","4,04","3,76","3,55","4,35","2,93","4,70","4,13",2009.01.01
Первый Республиканский Банк,"3,49","3,65","2,53","2,63","4,23","4,29","3,02","2,48","2,51","4,24","3,60","3,45","2,50",2009.01.01
Промсвязьбанк,"3,26","3,28","3,45","3,43","2,37","2,39","3,95","2,29","3,90","3,69","3,44","3,85","2,64",2009.01.01
Инвестторгбанк,"3,43","4,44","2,52","4,06","2,97","3,05","3,71","3,22","2,54","4,31","2,57","3,33","2,62",2009.01.01
Национальный Банк «Траст»,"3,19","2,67","3,09","2,28","2,43","3,26","3,71","3,54","3,99","3,62","3,09","2,95","2,38",2009.01.01
ДельтаКредит,"3,38","3,34","4,30","3,93","3,31","2,86","4,05","3,94","3,89","2,67","3,93","3,83","3,75",2009.01.01
Банк Проектного Финансирования,"3,22","2,76","2,91","3,15","3,92","3,24","4,16","2,46","3,18","3,42","2,43","3,58","2,30",2009.01.01
Банк Сосьете Женераль Восток,"3,24","2,32","2,58","3,02","3,27","4,04","3,88","2,85","3,09","2,72","3,74","4,08","2,91",2009.01.01
Ренессанс Кредит,"3,08","2,81","3,18","3,24","2,86","2,75","3,42","2,47","3,37","3,43","2,84","2,85","2,32",2009.01.01
Банк «Санкт-Петербург»,"3,28","4,00","4,02","3,35","3,75","2,86","4,19","3,83","2,56","3,36","3,77","2,46","4,25",2009.01.01
Московский Областной Банк,"3,07","3,57","2,43","2,26","3,28","2,94","3,58","2,31","2,84","2,71","2,69","3,02","3,89",2009.01.01
Бинбанк,"3,02","2,79","3,01","3,69","2,50","3,45","3,14","2,24","3,35","2,60","3,29","3,35","2,86",2009.01.01
Ханты-Мансийский банк Открытие,"2,99","2,32","2,87","3,64","3,80","3,00","2,67","2,99","2,61","2,72","3,41","3,49","2,66",2009.01.01
Собинбанк,"2,93","3,37","2,40","3,63","2,93","3,48","2,47","2,64","2,26","3,57","2,79","2,88","3,29",2009.01.01
ЮниКредит Банк,"2,87","2,82","3,16","3,67","3,28","3,21","2,99","2,74","3,64","3,14","2,73","2,62","2,38",2009.01.01
ФК Открытие,"2,92","3,56","3,41","2,61","2,12","2,92","3,03","2,76","2,33","2,07","2,14","2,26","2,57",2009.01.01
МТС Банк,"2,98","3,58","3,57","2,90","2,13","2,12","2,44","3,78","2,72","3,78","3,29","3,81","3,85",2009.01.01
Восточный Экспресс Банк,"2,72","1,98","1,96","2,27","2,05","2,71","2,88","3,37","2,18","2,93","3,15","2,22","3,20",2009.01.01
Росгосстрах Банк,"2,66","2,75","2,39","2,51","3,31","1,99","2,88","3,33","1,97","2,76","2,82","2,61","2,13",2009.01.01
ОТП Банк,"2,6","3,12","2,34","2,12","2,00","2,65","2,64","3,04","2,61","2,81","2,85","1,94","2,60",2009.01.01
Петровский,"2,59","3,33","3,15","3,25","1,98","2,84","2,61","3,34","2,46","2,31","2,88","2,74","2,91",2009.01.01
Росбанк,"2,61","3,25","2,14","2,48","1,90","2,91","2,20","2,72","2,71","2,67","2,74","3,24","2,94",2009.01.01
Балтийский Банк,"2,58","2,57","3,31","2,47","2,90","3,25","2,67","2,90","2,81","1,87","1,86","2,58","2,02",2009.01.01
Газпромбанк,"2,46","2,79","3,15","2,10","2,91","2,05","2,85","2,29","2,86","3,13","2,98","2,49","3,15",2009.01.01
МДМ Банк,"2,47","3,13","3,12","3,18","2,00","2,09","2,72","2,78","3,15","2,93","2,81","1,75","2,53",2009.01.01
Ситибанк,"2,58","2,62","3,19","3,31","3,24","2,39","3,08","2,48","2,18","2,99","2,05","1,86","3,12",2009.01.01
Русфинанс Банк,"2,4","2,85","3,08","1,81","1,94","2,78","2,79","3,10","2,76","2,85","3,07","2,64","2,54",2009.01.01
Русский Стандарт,"2,51","3,09","2,22","2,56","2,27","2,13","3,07","2,92","3,26","2,31","2,81","2,62","1,83",2009.01.01
Альфа-Банк,"2,54","3,00","1,81","2,71","2,63","2,50","2,99","3,00","2,66","2,41","3,26","2,79","3,30",2009.01.01
ВТБ 24,"2,49","2,95","2,63","2,77","2,54","2,62","2,49","2,22","3,06","2,29","2,41","2,07","2,97",2009.01.01
Райффайзенбанк,"2,47","2,78","2,46","2,20","2,93","2,08","3,07","3,21","2,73","3,06","3,19","2,55","3,07",2009.01.01
Банк Уралсиб,"2,39","1,78","1,89","2,73","2,60","1,86","3,08","2,46","2,55","2,56","1,85","2,03","3,05",2009.01.01
Мастер-Банк,"2,23","2,40","2,57","2,28","2,62","2,86","2,50","2,10","2,77","2,59","2,32","1,84","2,13",2009.01.01
Кредит Европа Банк,"2,34","2,35","2,55","2,57","2,01","2,91","2,07","2,09","2,43","2,15","1,86","1,93","1,64",2009.01.01
Хоум Кредит Банк,"2,27","2,93","2,00","2,73","2,06","1,76","1,92","2,65","2,45","2,75","1,89","2,04","1,81",2009.01.01
Экспобанк,"1,85","1,38","1,49","2,00","2,37","1,88","1,45","2,07","1,56","1,38","2,24","1,73","1,58",2009.01.01
Сбербанк России,"2,16","2,62","2,59","2,22","1,95","1,52","2,55","2,21","2,59","2,04","1,57","2,43","1,91",2009.01.01
Современный Коммерческий Банк (бывш. ДжиИ Мани Банк),"2,02","1,76","1,51","2,58","2,49","2,03","1,84","2,39","2,12","1,45","1,85","2,33","2,40",2009.01.01
Банк Финсервис,"1,82","2,02","2,01","2,12","1,37","1,98","2,34","1,36","1,71","2,34","2,14","2,14","2,18",2009.01.01
БМ-Банк (бывш. Банк Москвы),"1,99","1,47","2,22","2,57","2,32","2,52","1,64","1,44","1,92","2,47","1,95","1,85","2,36",2009.01.01
Бинбанк кредитные карты,"1,42","1,16","1,26","1,12","1,25","1,28","1,39","1,42","1,43","1,71","1,63","1,37","1,76",2009.01.01
ДельтаКредит,"4,63","3,62","4,56","3,83","4,04","4,66","3,28","4,61","4,62","4,59","4,49","4,08",0,2010.01.01
Авангард,"4,11","4,12","4,48","4,80","3,41","2,91","3,80","4,84","3,35","4,95","3,34","4,77",0,2010.01.01
Пробизнесбанк,"4,36","3,07","3,64","4,76","3,39","4,88","4,25","4,05","3,51","4,61","4,86","4,76",0,2010.01.01
Тинькофф Банк,"3,9","4,54","4,38","3,91","3,25","4,30","3,88","3,92","3,18","4,21","4,13","3,48",0,2010.01.01
Банк Проектного Финансирования,"3,87","2,91","2,73","4,30","3,33","3,32","3,33","2,80","4,88","4,95","4,58","4,65",0,2010.01.01
Инвестбанк,"3,84","3,30","4,63","3,21","4,34","3,64","2,87","3,17","4,67","2,82","2,71","4,49","4,95",2010.01.01
Первый Республиканский Банк,"3,95","4,03","4,90","2,93","4,17","3,47","3,19","3,33","2,99","2,94","4,64","4,77",0,2010.01.01
СМП Банк,"3,53","3,97","2,48","4,35","3,95","2,78","4,41","3,97","3,64","3,35","3,83","3,42","4,29",2010.01.01
АМТ Банк,"3,64","3,46","3,35","4,22","3,52","4,44","3,65","2,66","3,60","3,85","2,84","3,36","4,39",2010.01.01
Московский Областной Банк,"3,35","3,98","3,90","3,66","3,16","4,32","2,74","3,76","3,13","2,88","2,48","3,72","2,50",2010.01.01
Абсолют Банк,"3,3","3,47","3,02","3,33","2,53","2,76","4,01","3,54","3,09","4,16","3,79","4,09","3,05",2010.01.01
Мастер-Банк,"2,92","2,28","3,15","3,53","2,05","3,41","3,22","3,52","3,08","3,28","3,61","2,66","2,81",2010.01.01
Банк24.ру,3,"2,40","3,17","2,15","3,41","2,78","2,68","2,29","3,49","3,00","2,30","2,45","3,61",2010.01.01
Банк ИТБ,"3,08","3,05","3,35","2,91","3,37","3,14","2,57","3,75","2,40","3,75","2,41","2,66","3,88",2010.01.01
Хоум Кредит Банк,"2,82","2,83","2,41","2,72","2,72","3,03","3,19","3,26","2,14","3,32","2,43","3,52","3,57",2010.01.01
Москоммерцбанк,"3,05","2,33","2,26","3,81","2,95","3,58","3,56","3,25","3,19","2,81","2,73","3,12","3,26",2010.01.01
Московский Кредитный Банк,"2,85","3,51","2,15","3,33","2,97","3,38","2,22","2,12","3,30","3,45","3,10","3,65","3,49",2010.01.01
Связной Банк,"2,74","2,82","2,29","2,40","3,19","3,36","2,16","2,71","2,77","3,32","3,25","2,96","2,10",2010.01.01
Ренессанс Кредит,"2,57","1,90","2,30","2,30","2,10","2,88","2,31","2,11","2,13","2,25","2,84","2,49","2,60",2010.01.01
Промсвязьбанк,"2,71","2,14","2,68","3,50","2,86","2,75","2,73","2,27","3,18","2,40","2,73","3,04","1,91",2010.01.01
Национальный Банк «Траст»,"2,67","2,08","2,08","2,68","2,30","3,29","2,19","2,35","2,55","3,24","3,44","2,67","2,25",2010.01.01
Росгосстрах Банк,"2,65","2,97","1,91","2,03","2,68","2,17","1,91","2,73","2,35","2,93","2,56","2,00","1,90",2010.01.01
ВТБ 24,"2,32","2,57","2,91","2,37","2,82","1,72","1,91","2,62","1,94","1,85","2,24","1,92","2,32",2010.01.01
Восточный Экспресс Банк,"2,6","1,98","2,25","2,50","2,20","3,35","2,40","1,86","3,24","2,06","2,94","3,03","1,91",2010.01.01
Инвестторгбанк,"2,74","3,43","3,43","2,13","2,86","2,19","2,68","2,62","2,54","1,94","2,16","2,67","2,13",2010.01.01
Райффайзенбанк,"2,31","1,69","1,76","1,63","2,61","2,66","1,83","2,09","2,15","1,74","2,92","2,04","2,20",2010.01.01
ЮниКредит Банк,"2,42","2,12","2,99","3,04","2,08","2,71","3,03","1,78","2,35","2,65","3,07","2,03","1,99",2010.01.01
Балтийский Банк,"2,5","1,85","2,21","2,99","1,84","1,77","2,67","3,04","2,96","2,46","1,90","2,26","3,07",2010.01.01
Альфа-Банк,"2,15","2,23","1,54","2,18","2,33","1,98","2,35","1,95","2,64","2,26","1,93","2,75","2,40",2010.01.01
ОТП Банк,"2,38","2,31","3,02","3,04","2,03","2,71","1,75","2,97","2,66","2,19","2,24","1,72","2,11",2010.01.01
Океан Банк,"1,79","1,87","1,46","1,40","1,64","2,11","1,64","2,29","2,03","2,29","1,88","2,09","1,68",2010.01.01
Банк Финсервис,"1,96","2,48","1,92","2,48","2,40","2,29","2,25","2,03","2,08","2,34","2,14","2,17","1,50",2010.01.01
Возрождение,"2,29","1,72","1,84","2,17","2,43","2,67","2,21","1,72","1,71","2,65","2,53","2,64","2,81",2010.01.01
Газпромбанк,"2,16","1,72","2,40","1,96","2,29","1,73","2,06","2,05","1,96","1,61","1,73","2,04","2,28",2010.01.01
Русфинанс Банк,"2,3","2,13","2,48","2,86","2,16","2,46","2,29","2,84","1,68","1,66","1,88","2,44","2,09",2010.01.01
Бинбанк,"2,15","1,66","1,78","2,61","1,76","2,68","2,25","2,79","2,33","1,67","1,81","1,51","1,72",2010.01.01
Сбербанк России,"2,04","2,15","2,36","1,49","1,60","1,79","2,44","1,65","2,55","1,57","1,72","1,88","2,25",2010.01.01
МДМ Банк,"1,98","1,84","2,31","1,73","1,63","1,72","1,56","2,21","1,68","2,53","2,25","2,55","2,42",2010.01.01
Ханты-Мансийский банк Открытие,"2,06","2,56","1,54","2,65","2,56","2,21","1,94","2,38","2,28","2,05","1,82","2,66","1,52",2010.01.01
Банк Уралсиб,"2,09","2,37","2,04","1,91","2,06","2,62","1,80","1,63","2,29","2,71","1,79","1,96","2,16",2010.01.01
Экспобанк,"2,03","1,54","2,20","1,66","2,33","2,13","2,07","2,53","1,75","2,34","1,83","2,53","1,52",2010.01.01
Кредит Европа Банк,"1,99","1,60","2,55","1,51","1,90","2,38","1,70","2,26","2,42","2,04","1,48","1,82","1,40",2010.01.01
Бинбанк кредитные карты,"1,98","1,49","2,22","1,47","2,53","1,98","2,43","2,10","1,55","2,46","2,06","1,48","2,54",2010.01.01
Русский Стандарт,"1,93","1,40","1,75","1,73","1,95","1,82","2,44","2,07","2,45","1,77","1,96","2,36","1,93",2010.01.01
БМ-Банк (бывш. Банк Москвы),"2,07","1,94","2,28","2,50","2,66","2,47","2,44","2,65","2,45","2,34","2,62","2,55","2,09",2010.01.01
Росбанк,"2,02","1,63","2,37","1,95","1,86","2,57","1,46","1,76","1,99","2,20","2,48","2,22","2,42",2010.01.01
Современный Коммерческий Банк (бывш. ДжиИ Мани Банк),"1,93","2,25","2,18","1,68","1,78","1,97","1,54","1,58","2,27","1,56","1,36","1,41","2,32",2010.01.01
Ситибанк,"2,06","2,07","1,98","2,11","2,20","1,92","1,71","2,06","2,37","2,60","2,32","1,64","2,24",2010.01.01
Юниаструм Банк,"2,22","2,06","2,31","2,05","1,94","2,35","2,81","1,64","2,86","1,71","2,49","2,19","1,56",2010.01.01
БНП Париба Банк,"1,44","1,69","1,27","1,56","1,18","1,87","1,84","1,43","1,56","1,67","1,15","1,43","1,57",2010.01.01
Росавтобанк,"4,7","4,23","4,43","3,95","4,56","4,94","3,60","3,43","3,35","3,64","4,16","4,02",0,2011.01.01
ДельтаКредит,"4,17","4,42","4,33","3,93","3,78","3,36","3,82","4,23","4,22","4,31","3,30","4,18",0,2011.01.01
Тинькофф Банк,"3,79","3,13","3,39","3,25","3,98","3,77","2,66","3,87","3,53","2,68","2,99","4,23","2,82",2011.01.01
Авангард,"3,85","3,46","4,32","2,92","4,95","3,27","3,02","3,31","4,75","4,29","4,06","2,95",0,2011.01.01
Нордеа Банк,"3,91","3,22","3,34","4,72","3,43","3,76","3,86","4,27","3,50","3,26","4,00","4,37",0,2011.01.01
СМП Банк,"3,53","3,70","3,68","4,29","2,85","2,76","3,78","4,41","4,24","2,85","3,36","3,97","4,25",2011.01.01
Абсолют Банк,"3,5","3,42","3,95","2,87","4,23","4,13","4,13","4,05","3,74","3,61","4,05","4,41","4,17",2011.01.01
Банк Проектного Финансирования,"3,46","4,13","2,92","3,51","4,29","3,03","2,53","4,33","3,24","4,16","3,45","2,97","4,24",2011.01.01
Хоум Кредит Банк,"2,73","2,88","2,42","2,95","2,32","2,69","2,65","2,19","2,88","2,35","3,35","1,97","2,07",2011.01.01
Фининвест,"3,03","3,49","3,14","2,41","3,76","2,37","3,14","2,15","2,19","2,57","2,64","2,17","2,81",2011.01.01
Банк24.ру,"3,06","3,01","2,18","3,57","3,94","3,63","2,40","3,87","3,53","3,93","2,60","3,43","2,70",2011.01.01
Совкомбанк,"3,08","3,45","2,87","2,92","3,40","3,63","3,03","3,18","2,32","2,62","2,91","2,60","3,24",2011.01.01
Московский Областной Банк,"2,89","2,82","2,75","2,24","3,07","2,88","2,55","2,33","2,41","3,09","3,57","3,08","3,41",2011.01.01
МДМ Банк,"2,21","2,03","2,00","1,80","2,83","2,81","1,61","1,99","1,63","2,13","1,79","2,34","2,87",2011.01.01
Промсвязьбанк,"2,38","2,68","2,94","2,59","2,30","2,00","1,76","2,33","1,74","2,65","2,70","1,72","1,75",2011.01.01
ЮниКредит Банк,"2,43","2,59","2,21","1,80","2,01","2,68","2,80","2,96","2,54","2,81","1,94","2,08","1,76",2011.01.01
Московский Кредитный Банк,"2,56","2,57","3,32","2,16","2,93","3,15","1,82","1,90","3,18","2,61","1,93","3,15","2,55",2011.01.01
ВТБ 24,"2,33","2,22","2,40","2,88","2,31","2,87","2,88","1,80","1,80","2,36","2,90","1,65","2,48",2011.01.01
Западный,"2,64","3,33","3,12","2,13","2,52","2,19","2,39","2,56","3,41","3,30","1,99","2,79","1,87",2011.01.01
Ренессанс Кредит,"2,18","1,79","1,57","1,89","2,30","2,10","1,53","1,98","2,77","2,12","1,84","2,75","2,32",2011.01.01
ФК Открытие,"2,34","2,44","1,83","3,01","2,42","1,69","2,04","1,85","1,94","2,28","2,13","2,85","1,78",2011.01.01
Росгосстрах Банк,"2,23","2,47","2,85","2,28","2,55","2,77","2,16","2,09","2,30","1,74","2,02","2,88","2,66",2011.01.01
Сбербанк России,"1,74","1,51","1,40","1,99","1,97","1,60","1,39","1,61","1,96","1,82","1,59","1,58","1,63",2011.01.01
Альфа-Банк,"2,14","1,57","1,78","1,79","2,46","2,40","1,68","2,27","2,07","2,66","2,01","1,97","2,48",2011.01.01
Национальный Банк «Траст»,"2,2","1,78","2,66","2,80","2,65","2,68","1,90","2,46","2,71","2,63","2,44","2,50","1,55",2011.01.01
Связной Банк,"2,24","1,87","2,34","2,37","2,77","1,72","2,12","2,00","1,99","1,67","2,59","2,48","2,04",2011.01.01
МТС Банк,"2,19","2,06","2,67","2,12","1,73","2,52","2,17","2,52","2,77","1,64","2,30","2,45","1,76",2011.01.01
Ханты-Мансийский банк Открытие,"2,21","1,74","2,70","2,01","2,55","1,97","1,87","2,28","2,53","1,62","2,56","1,71","2,35",2011.01.01
Ситибанк,"2,19","1,72","2,29","2,44","1,98","2,77","2,02","2,78","2,16","2,50","2,75","1,60","2,47",2011.01.01
Россельхозбанк,"2,44","2,79","3,14","2,60","2,75","2,49","2,57","2,02","1,72","2,67","2,64","2,12","2,59",2011.01.01
Океан Банк,"2,07","1,75","2,32","2,55","1,54","1,52","1,58","1,87","1,92","2,56","1,76","2,23","2,35",2011.01.01
Возрождение,"2,16","2,55","1,95","1,58","2,69","2,45","2,11","1,65","2,41","2,57","1,78","1,90","2,12",2011.01.01
Восточный Экспресс Банк,"1,89","1,67","2,13","1,89","1,85","2,00","1,92","1,78","1,83","1,66","1,99","2,33","1,68",2011.01.01
Русский Стандарт,"2,03","2,61","1,90","2,05","2,49","2,34","2,52","2,17","1,62","1,91","1,86","1,89","1,60",2011.01.01
Райффайзенбанк,"2,08","2,53","2,28","1,57","1,68","2,05","1,51","1,85","1,69","1,99","1,91","2,15","1,64",2011.01.01
Бинбанк,"1,93","2,04","1,59","2,08","1,49","2,20","1,48","2,05","1,36","2,31","1,77","1,44","1,49",2011.01.01
Банк Уралсиб,"2,14","1,94","1,92","2,26","1,70","2,14","2,05","2,56","2,68","1,50","1,82","1,83","2,16",2011.01.01
Русфинанс Банк,"2,13","2,74","1,56","1,63","1,90","2,65","1,92","1,65","1,71","2,46","2,17","2,24","2,11",2011.01.01
Мастер-Банк,"1,77","2,13","1,48","1,81","1,55","2,10","1,78","1,28","1,25","2,10","1,33","1,63","2,05",2011.01.01
Современный Коммерческий Банк (бывш. ДжиИ Мани Банк),"1,97","2,19","2,52","1,38","1,45","2,02","1,74","2,35","1,72","2,54","2,52","1,69","2,48",2011.01.01
ОТП Банк,"1,94","2,19","2,39","2,22","1,87","1,49","1,72","2,02","2,35","2,15","1,49","1,92","1,98",2011.01.01
Газпромбанк,"1,82","1,77","1,49","2,24","1,40","1,76","1,53","1,60","1,71","1,60","1,46","2,25","1,89",2011.01.01
Экспобанк,"1,8","2,11","1,52","1,75","1,88","1,56","1,58","2,17","1,32","2,26","1,35","1,27","1,52",2011.01.01
Собинбанк,"1,77","1,42","1,57","1,99","1,99","1,45","2,07","1,96","1,37","1,34","2,19","1,70","1,93",2011.01.01
Кредит Европа Банк,"1,92","1,94","1,65","1,50","1,50","2,17","2,10","2,09","2,36","2,02","1,51","1,37","1,80",2011.01.01
БМ-Банк (бывш. Банк Москвы),"1,69","2,09","1,57","1,21","1,61","1,44","1,62","1,38","2,19","1,98","1,66","1,60","1,85",2011.01.01
Бинбанк кредитные карты,"1,71","1,64","2,20","1,30","1,87","1,72","2,00","1,40","1,97","1,56","1,55","1,49","1,22",2011.01.01
Росбанк,"1,8","2,17","1,62","1,93","1,86","1,55","1,52","1,82","1,76","1,64","1,76","1,27","1,51",2011.01.01
БНП Париба Банк,"1,43","1,61","1,55","1,79","1,27","1,26","1,36","1,07","1,52","1,01","1,32","1,07","1,18",2011.01.01
Юниаструм Банк,"1,47","1,81","1,51","1,76","1,03","1,61","1,73","1,15","1,75","1,72","1,47","1,68","1,91",2011.01.01
Росавтобанк,"4,74","3,94","3,68","4,85","4,40","3,45","3,34","4,12","3,33","4,69","3,45","4,36",0,2012.01.01
Авангард,"3,88","4,29","3,74","4,91","3,55","2,88","4,87","4,83","2,89","3,59","4,91","3,05",0,2012.01.01
Тинькофф Банк,"3,68","3,61","2,84","3,48","4,32","3,26","3,12","3,78","3,46","4,61","3,89","4,03","4,60",2012.01.01
СБ Банк (Судостроительный банк),"4,13","4,97","4,30","3,23","4,40","4,52","4,34","4,35","3,12","3,06","4,01","3,61",0,2012.01.01
ДельтаКредит,"3,9","4,84","3,26","4,45","3,34","4,57","3,13","4,79","3,46","2,97","3,81","4,73",0,2012.01.01
СМП Банк,"3,69","4,27","3,57","2,97","3,17","2,83","3,12","4,40","2,59","3,43","4,15","4,02","2,89",2012.01.01
Промсвязьбанк,"2,89","2,45","2,32","3,53","3,46","2,93","3,54","2,50","2,44","2,55","3,43","3,52","2,91",2012.01.01
ЮниКредит Банк,"2,82","2,65","2,57","3,53","2,58","2,38","2,23","2,40","3,08","2,47","3,57","2,61","3,02",2012.01.01
Инвестторгбанк,"3,13","2,52","3,20","2,90","2,70","4,05","3,50","3,75","3,89","2,60","2,64","3,30","3,49",2012.01.01
2Т Банк,"3,03","2,65","2,43","3,12","3,06","2,88","2,69","2,86","3,15","3,32","3,06","2,83","2,82",2012.01.01
РосинтерБанк,"2,89","3,72","2,43","2,63","2,73","2,70","3,45","2,13","2,70","2,44","3,56","3,21","2,72",2012.01.01
Абсолют Банк,"2,57","3,13","2,49","2,27","2,77","2,07","3,00","2,01","2,42","2,92","2,41","2,42","2,85",2012.01.01
Банк Проектного Финансирования,"3,13","2,83","3,35","2,81","2,73","2,56","4,03","3,36","2,52","3,09","3,48","3,24","2,45",2012.01.01
Московский Кредитный Банк,"2,52","2,70","2,17","2,75","2,18","2,30","2,57","1,81","3,21","2,01","1,77","3,23","2,99",2012.01.01
Московский Областной Банк,"2,76","2,58","3,47","3,35","3,24","2,35","2,21","3,22","2,33","2,33","2,37","2,33","2,81",2012.01.01
Совкомбанк,"2,77","3,57","2,32","3,58","2,99","2,51","2,98","3,26","3,24","3,22","3,25","2,38","2,49",2012.01.01
МДМ Банк,"2,42","1,87","2,17","2,95","2,45","3,10","1,93","2,14","1,85","2,25","2,70","2,10","2,35",2012.01.01
Петрокоммерц,"2,2","1,67","1,73","2,40","2,58","1,55","1,85","2,82","1,93","1,56","2,84","2,56","2,55",2012.01.01
Современный Коммерческий Банк (бывш. ДжиИ Мани Банк),"2,66","2,04","2,83","2,29","2,52","2,11","2,17","2,52","3,34","1,98","3,42","3,42","2,60",2012.01.01
БМ-Банк (бывш. Банк Москвы),"2,44","2,59","3,11","1,93","2,90","2,18","2,72","2,28","1,78","2,87","1,84","2,87","1,76",2012.01.01
ФК Открытие,"2,23","2,52","2,01","2,76","2,35","2,71","2,63","1,70","2,06","2,59","2,35","2,73","2,48",2012.01.01
Ситибанк,"2,1","1,64","2,47","2,62","2,72","1,76","2,15","2,73","2,66","1,78","2,07","2,31","2,34",2012.01.01
Связной Банк,"2,22","2,48","1,88","1,76","2,76","2,52","1,86","2,70","1,84","1,93","2,60","2,30","2,27",2012.01.01
ВТБ 24,"2,15","1,85","1,53","1,51","2,70","2,15","1,60","2,58","2,18","2,68","2,61","1,61","2,05",2012.01.01
Хоум Кредит Банк,"2,09","2,60","1,62","1,57","1,67","2,43","2,50","2,22","2,66","1,64","2,28","1,82","2,43",2012.01.01
Ренессанс Кредит,"2,03","1,62","2,39","2,26","2,18","1,94","1,56","2,02","2,38","1,74","2,48","2,40","2,31",2012.01.01
Газпромбанк,"2,26","2,52","2,33","2,41","1,65","2,36","1,99","1,80","2,79","2,65","2,83","2,78","2,76",2012.01.01
Альфа-Банк,"2,09","2,54","2,02","2,44","2,24","2,22","2,40","1,80","2,63","1,89","2,56","2,53","2,09",2012.01.01
Восточный Экспресс Банк,"1,97","2,43","1,63","1,70","1,51","1,71","2,39","2,28","1,79","1,61","1,55","1,42","2,29",2012.01.01
Национальный Банк «Траст»,"1,86","1,73","2,04","2,41","2,13","1,61","1,76","2,16","1,40","1,72","1,95","2,23","2,36",2012.01.01
Сбербанк России,"1,62","1,85","1,81","1,77","1,61","2,03","1,62","1,57","1,25","1,97","1,88","2,01","1,42",2012.01.01
Бинбанк,"1,77","2,02","1,68","2,19","1,49","2,14","1,85","2,04","1,27","1,57","1,54","2,27","1,51",2012.01.01
Пушкино,2,"1,41","2,42","1,74","1,56","2,50","1,50","1,64","1,78","2,00","1,44","2,06","2,56",2012.01.01
Райффайзенбанк,"2,05","2,24","2,62","1,68","1,58","2,24","2,41","1,91","1,76","2,24","2,44","1,58","2,25",2012.01.01
Мастер-Банк,"2,09","1,74","1,82","2,46","2,35","2,51","2,46","1,70","1,55","2,40","1,47","2,50","2,58",2012.01.01
Русский Стандарт,"1,91","2,15","1,81","1,78","1,55","1,40","2,48","1,83","1,39","1,63","1,76","2,13","1,46",2012.01.01
Транскредитбанк,"1,62","1,83","1,68","1,67","1,58","1,84","1,40","1,75","1,98","1,74","2,01","1,67","1,25",2012.01.01
Ханты-Мансийский банк Открытие,"1,8","2,32","2,10","2,24","2,31","1,67","1,43","1,99","1,53","2,02","2,24","1,71","1,71",2012.01.01
Банк Уралсиб,"1,85","2,34","1,30","1,43","2,10","1,98","1,89","1,30","1,85","2,12","2,05","1,46","1,78",2012.01.01
Кредит Европа Банк,"1,7","1,70","1,56","1,70","1,66","1,57","2,10","2,11","1,41","1,80","1,96","1,38","1,99",2012.01.01
ОТП Банк,"1,63","1,43","1,46","1,28","2,05","2,03","1,41","1,76","1,90","1,51","1,68","1,28","1,70",2012.01.01
Русфинанс Банк,"1,74","1,42","2,26","1,70","1,86","1,42","1,66","1,41","2,04","2,10","1,91","1,81","1,30",2012.01.01
Росгосстрах Банк,"1,51","1,33","1,48","1,57","1,13","1,89","1,39","1,86","1,66","1,91","1,72","1,11","1,44",2012.01.01
СКБ-Банк,"1,61","1,14","1,53","1,75","1,87","2,08","1,27","1,24","1,40","1,80","1,48","1,80","1,16",2012.01.01
МТС Банк,"1,54","1,96","1,46","1,54","1,30","1,75","1,65","1,57","1,36","1,53","1,83","1,86","1,55",2012.01.01
Росбанк,"1,74","1,58","2,13","2,03","1,76","1,87","1,81","1,74","1,50","1,45","1,63","1,82","1,84",2012.01.01
Экспобанк,"1,41","1,48","1,59","1,57","1,46","1,79","1,78","1,83","1,15","1,22","1,34","1,51","1,02",2012.01.01
Бинбанк кредитные карты,"1,39","1,08","1,57","1,24","1,66","1,25","1,35","1,33","1,03","1,36","1,63","0,98","1,60",2012.01.01
Юниаструм Банк,"1,4","1,47","1,80","1,59","1,46","1,30","1,57","1,47","1,39","1,33","1,01","1,33","1,03",2012.01.01
БНП Париба Банк,"1,32","1,04","1,30","1,56","1,07","1,70","1,32","1,60","1,38","1,19","1,61","1,51","1,57",2012.01.01
Росавтобанк,"4,63","4,21","4,07","4,72","3,98","4,49","3,34","4,52","4,81","4,18","4,48","4,61",0,2013.01.01
СБ Банк (Судостроительный банк),"4,51","4,44","4,84","4,24","3,19","4,95","4,78","4,42","3,57","4,57","3,38","3,71",0,2013.01.01
Авангард,"3,86","4,47","3,77","4,40","4,55","3,93","4,32","4,38","4,17","3,14","3,39","3,20",0,2013.01.01
Тинькофф Банк,"3,49","3,37","4,00","2,84","3,78","3,54","3,07","2,75","4,27","2,92","3,69","4,47","3,34",2013.01.01
Банк24.ру,"3,76","4,24","4,88","3,18","4,17","3,89","3,38","3,27","3,59","2,83","2,69","4,23","4,53",2013.01.01
ДельтаКредит,"3,68","4,38","4,72","3,33","3,25","3,65","3,65","3,55","3,57","2,73","4,49","2,64","3,14",2013.01.01
Московский Областной Банк,"3,36","4,35","2,36","2,50","4,21","2,64","3,83","3,34","3,96","3,62","3,75","3,52","3,56",2013.01.01
АйМаниБанк,"2,67","2,41","2,67","2,28","3,15","3,45","2,74","2,70","1,97","2,38","2,82","2,05","2,35",2013.01.01
СМП Банк,"3,05","2,54","3,73","3,91","3,93","3,54","3,19","3,58","2,36","2,88","3,77","3,44","3,06",2013.01.01
БМ-Банк (бывш. Банк Москвы),"2,92","3,56","2,50","2,38","2,80","2,45","3,26","2,38","3,17","3,46","3,15","3,55","3,39",2013.01.01
РосинтерБанк,"2,74","2,63","2,00","2,22","2,04","3,34","2,32","3,07","2,11","2,88","3,40","2,65","2,35",2013.01.01
Бинбанк,"2,04","2,13","1,45","1,80","1,52","1,51","1,93","2,16","2,56","1,69","1,95","1,87","1,68",2013.01.01
Югра,"2,63","2,28","3,36","3,40","2,10","2,91","2,82","3,38","2,03","2,64","2,67","2,59","3,24",2013.01.01
Восточный Экспресс Банк,"2,05","1,68","1,44","2,53","2,52","1,48","1,64","1,67","1,77","2,39","1,63","2,59","2,41",2013.01.01
Современный Коммерческий Банк (бывш. ДжиИ Мани Банк),"2,72","2,36","3,02","3,17","2,37","2,05","2,38","2,27","2,83","2,10","3,07","3,12","3,12",2013.01.01
МДМ Банк,"2,34","2,06","2,44","2,87","2,47","2,67","2,55","2,80","2,13","1,79","2,88","2,04","2,62",2013.01.01
ЮниКредит Банк,"1,93","2,02","1,69","1,93","1,95","2,31","1,43","1,72","2,01","1,70","1,50","1,53","1,47",2013.01.01
Петрокоммерц,"2,33","2,22","2,45","2,69","2,90","2,59","2,42","2,22","2,20","2,67","1,87","1,73","2,81",2013.01.01
Сетелем Банк,"2,15","1,65","2,16","2,45","2,61","2,12","2,59","1,88","1,71","2,63","1,79","1,71","1,93",2013.01.01
Банк «Санкт-Петербург»,"2,33","2,28","2,29","2,20","2,24","2,26","2,00","1,66","1,83","2,15","2,77","2,76","1,92",2013.01.01
2Т Банк,"2,42","2,73","3,03","2,86","3,08","3,13","2,27","2,44","2,55","2,31","2,54","2,38","2,14",2013.01.01
Ханты-Мансийский банк Открытие,"1,87","1,97","1,31","1,61","1,39","1,96","2,15","1,51","1,79","1,36","1,97","2,13","1,78",2013.01.01
Связной Банк,"2,18","2,29","2,55","2,66","2,18","2,51","2,31","2,07","2,67","1,80","2,34","2,01","2,40",2013.01.01
Промсвязьбанк,"2,17","2,15","2,07","2,79","1,63","2,50","2,67","1,55","1,97","2,48","1,76","1,60","2,19",2013.01.01
Национальный Банк «Траст»,"2,12","2,73","1,78","2,49","2,30","1,85","1,61","2,70","1,70","2,41","2,65","2,05","2,73",2013.01.01
Хоум Кредит Банк,"1,82","2,13","1,64","1,70","2,27","1,47","2,19","1,73","1,51","2,23","2,16","2,00","2,13",2013.01.01
Ренессанс Кредит,"1,89","1,65","1,87","1,60","2,26","1,35","1,95","2,11","1,34","2,25","2,08","2,09","2,45",2013.01.01
Ситибанк,"1,88","1,35","1,91","1,99","2,10","2,43","2,42","1,38","2,06","2,41","1,32","1,53","1,63",2013.01.01
Московский Кредитный Банк,"2,04","2,18","1,66","1,93","2,38","1,46","2,54","1,67","1,78","1,85","1,60","1,77","2,04",2013.01.01
ВТБ 24,"2,04","1,95","2,26","1,78","1,53","1,92","2,55","2,03","2,60","1,99","2,32","1,56","2,03",2013.01.01
Райффайзенбанк,"2,09","2,39","1,72","1,65","2,39","1,90","1,87","2,63","2,09","2,38","1,67","2,22","2,09",2013.01.01
Россельхозбанк,"2,03","1,76","2,06","2,24","2,09","2,28","1,84","1,77","1,49","1,59","2,34","1,83","2,63",2013.01.01
Юниаструм Банк,"2,08","2,65","1,78","2,17","2,68","2,04","2,35","1,61","2,47","1,48","2,49","1,52","2,27",2013.01.01
Альфа-Банк,"1,88","2,32","1,38","2,23","1,96","1,79","2,17","2,35","1,44","2,40","2,33","1,44","1,64",2013.01.01
ФК Открытие,"1,97","1,49","1,88","1,77","1,68","1,49","1,44","1,49","2,27","1,64","1,50","2,52","1,74",2013.01.01
Газпромбанк,"1,85","1,57","2,07","2,36","1,59","1,52","1,77","1,42","1,73","1,57","2,05","2,00","1,35",2013.01.01
Сбербанк России,"1,59","2,06","1,43","1,19","1,91","1,25","1,86","1,22","1,77","1,12","1,19","1,66","1,56",2013.01.01
Русский Стандарт,"1,7","2,10","1,90","1,59","1,52","1,51","1,27","1,82","2,17","1,43","1,58","1,64","1,81",2013.01.01
Кредит Европа Банк,"1,55","1,93","1,54","1,96","1,20","1,70","1,29","1,72","1,53","1,22","1,83","1,94","1,64",2013.01.01
Росгосстрах Банк,"1,85","1,99","2,38","2,10","1,67","2,10","1,33","2,11","1,70","2,09","1,99","1,84","1,51",2013.01.01
Банк Уралсиб,"1,87","2,24","1,57","2,38","1,38","1,54","1,91","2,32","2,20","1,50","1,57","2,42","1,31",2013.01.01
Банк РСБ 24 (Русславбанк),"1,48","1,18","1,33","1,73","1,88","1,21","1,04","1,11","1,34","1,27","1,83","1,58","1,41",2013.01.01
Уральский Банк Реконструкции и Развития,"1,54","1,68","1,11","1,73","1,89","1,83","1,86","1,40","1,14","1,26","1,62","1,56","1,40",2013.01.01
Бинбанк кредитные карты,"1,46","1,61","1,66","1,41","1,32","1,79","1,63","1,33","1,30","1,06","1,66","1,58","1,07",2013.01.01
Киви Банк,"1,23","1,29","1,10","1,47","1,44","1,14","1,27","1,19","0,97","1,45","0,87","1,27","1,19",2013.01.01
МТС Банк,"1,37","1,73","1,70","1,03","1,72","1,17","1,68","1,01","1,75","1,37","1,33","1,34","1,64",2013.01.01
Росбанк,"1,49","1,38","1,11","1,79","1,71","1,50","1,69","1,46","1,86","1,53","1,61","1,18","1,27",2013.01.01
Русфинанс Банк,"1,52","1,63","1,74","1,59","1,45","1,61","1,55","1,65","1,47","1,29","1,60","1,70","1,22",2013.01.01
СКБ-Банк,"1,4","1,10","1,49","1,59","1,36","1,67","1,30","1,37","1,61","1,34","1,21","1,20","1,05",2013.01.01
ОТП Банк,"1,4","1,55","1,09","1,61","1,55","1,08","1,29","1,16","1,69","1,72","1,32","1,74","1,70",2013.01.01
Росавтобанк,"4,53","3,67","3,57","4,35","4,97","3,36","3,77","4,15","4,65","4,74","3,25","4,75",0,2014.01.01
Авангард,"3,86","4,34","3,23","4,56","4,17","2,72","4,27","3,78","4,70","4,86","4,58","4,82",0,2014.01.01
ДельтаКредит,"4,1","4,53","4,86","4,30","3,30","2,95","3,02","4,05","4,72","4,02","3,63","4,47",0,2014.01.01
СБ Банк (Судостроительный банк),"3,85","4,33","3,50","2,83","3,27","4,40","3,57","3,55","4,48","3,46","4,54","3,05",0,2014.01.01
Тинькофф Банк,"3,43","3,62","4,37","3,07","2,89","4,06","4,42","3,19","2,86","3,57","2,83","3,62","2,66",2014.01.01
РосинтерБанк,"2,79","2,11","2,92","2,18","2,90","2,52","3,29","2,47","2,60","2,21","3,36","2,17","3,11",2014.01.01
АйМаниБанк,"2,25","2,60","2,42","2,61","2,21","2,74","1,93","2,23","2,46","1,58","1,75","1,62","2,45",2014.01.01
Транспортный,"2,83","2,78","2,45","3,19","3,31","3,33","2,01","3,17","2,06","3,36","3,56","2,00","3,58",2014.01.01
Бинбанк,"2,1","1,82","2,10","1,62","2,38","1,92","2,25","1,81","2,39","2,22","2,06","2,15","2,50",2014.01.01
Петрокоммерц,"2,28","2,50","2,50","1,60","1,68","2,39","2,68","2,71","2,87","2,22","2,71","2,10","1,99",2014.01.01
Интеркоммерц Банк,"2,63","2,19","2,72","2,98","2,38","2,62","3,34","1,86","2,82","3,08","2,04","3,37","2,82",2014.01.01
БМ-Банк (бывш. Банк Москвы),"2,22","2,51","2,31","2,13","2,26","2,57","1,83","2,23","2,73","2,29","2,57","1,69","2,28",2014.01.01
Совкомбанк,"2,08","2,67","1,91","2,34","2,24","1,79","2,59","2,09","1,89","2,14","2,24","2,06","2,56",2014.01.01
Связной Банк,"2,2","2,58","1,79","2,63","2,04","2,38","1,64","2,15","1,95","2,01","2,38","1,54","1,73",2014.01.01
МДМ Банк,"2,24","2,91","2,59","2,55","1,83","2,75","2,05","2,02","1,60","2,74","1,71","2,65","2,51",2014.01.01
ВТБ 24,"1,97","2,56","1,59","2,41","1,70","2,30","2,26","2,45","2,22","1,44","2,38","1,64","1,91",2014.01.01
Альфа-Банк,"1,98","1,50","1,99","2,01","1,61","2,14","1,80","2,17","2,13","2,19","2,43","1,39","2,35",2014.01.01
Банк РСБ 24 (Русславбанк),"2,31","2,00","2,08","2,28","2,80","2,62","1,94","2,43","2,11","2,29","2,19","1,68","3,00",2014.01.01
Ренессанс Кредит,"1,87","2,13","2,02","1,42","1,44","1,67","2,30","1,47","2,19","1,66","1,36","1,67","1,64",2014.01.01
Ханты-Мансийский банк Открытие,"1,71","2,20","1,41","1,47","1,83","1,24","1,36","1,85","1,32","1,42","1,53","1,38","1,93",2014.01.01
Югра,"2,29","2,63","1,99","2,25","1,79","2,61","2,31","2,90","2,11","2,82","2,79","2,69","1,70",2014.01.01
Хоум Кредит Банк,"1,85","1,85","1,71","2,35","1,94","2,27","2,18","1,83","1,30","2,22","1,70","2,32","1,59",2014.01.01
Ситибанк,"1,78","1,84","1,68","1,68","2,11","2,20","2,04","2,21","2,09","1,41","2,05","1,93","1,48",2014.01.01
Бинбанк Столица,"1,72","1,73","2,05","1,69","1,82","1,62","2,06","2,16","2,05","2,04","1,29","2,20","1,34",2014.01.01
Кредит Европа Банк,"1,54","1,76","1,65","1,55","1,95","1,10","1,54","1,42","1,35","1,67","1,20","1,90","1,25",2014.01.01
Промсвязьбанк,"1,8","1,54","2,26","1,31","1,48","1,94","2,31","1,37","1,27","1,54","1,95","1,86","2,34",2014.01.01
ЮниКредит Банк,"1,76","1,68","2,17","1,80","2,11","1,80","1,57","1,53","2,08","1,52","1,83","1,75","1,50",2014.01.01
Московский Кредитный Банк,"1,97","1,62","2,52","2,01","1,79","2,06","1,87","2,44","2,13","1,84","2,13","1,83","2,19",2014.01.01
Русский Стандарт,"1,81","1,39","1,47","1,29","2,33","1,57","2,35","1,65","2,32","1,98","2,19","2,27","2,21",2014.01.01
Райффайзенбанк,"1,84","2,33","2,39","2,13","1,72","2,07","2,07","1,32","2,38","1,98","1,54","1,74","1,99",2014.01.01
Росбанк,"1,69","1,87","2,12","1,44","1,60","1,25","2,00","1,91","1,64","1,93","2,18","1,44","1,89",2014.01.01
Юниаструм Банк,"1,73","1,29","1,95","1,95","1,44","1,35","1,83","2,20","1,65","1,74","1,23","1,60","1,84",2014.01.01
Газпромбанк,"2,07","2,26","1,50","2,05","2,49","1,70","2,08","1,61","2,38","2,33","1,78","2,48","2,27",2014.01.01
Сетелем Банк,"1,63","1,69","1,58","1,90","1,56","1,24","2,02","1,33","1,34","1,16","1,74","2,04","1,40",2014.01.01
Московский Областной Банк,"1,81","1,58","1,33","2,11","1,63","1,68","2,17","1,99","2,27","1,32","2,16","1,60","1,32",2014.01.01
Восточный Экспресс Банк,"1,64","1,89","1,80","1,50","1,93","1,75","1,66","1,88","1,77","1,95","2,04","1,55","1,76",2014.01.01
Абсолют Банк,"1,79","2,04","1,52","2,17","1,83","1,54","1,38","1,94","1,39","1,54","1,69","1,95","1,98",2014.01.01
ФК Открытие,"1,73","1,27","1,50","1,85","1,81","1,44","1,22","2,10","1,94","1,77","1,57","2,08","1,97",2014.01.01
ОТП Банк,"1,56","1,44","1,12","1,95","1,34","1,70","1,38","1,99","1,87","1,90","1,38","1,22","1,67",2014.01.01
Киви Банк,"1,41","1,72","1,83","1,14","1,31","1,38","1,38","1,04","1,77","1,31","1,59","1,51","1,74",2014.01.01
Бинбанк кредитные карты,"1,46","1,27","1,89","1,25","1,08","1,04","1,40","1,28","1,03","1,21","1,46","1,72","1,80",2014.01.01
Сбербанк России,"1,53","1,51","1,33","1,93","1,57","1,42","1,65","1,48","1,32","1,23","1,42","1,91","1,34",2014.01.01
Уральский Банк Реконструкции и Развития,"1,69","1,50","1,58","1,38","1,47","1,93","1,47","1,97","1,99","1,92","1,88","1,82","1,52",2014.01.01
Банк Уралсиб,"1,77","2,14","1,93","1,73","1,64","1,31","1,56","1,65","1,51","1,25","2,24","2,27","1,34",2014.01.01
Национальный Банк «Траст»,"1,59","1,20","1,81","1,56","1,67","1,59","1,19","1,17","1,48","1,45","1,72","1,51","1,47",2014.01.01
Россельхозбанк,"1,76","1,76","1,86","1,75","1,92","1,54","1,93","1,77","1,89","1,45","1,77","1,76","1,28",2014.01.01
Почта Банк,"1,42","1,14","1,84","1,39","1,71","1,38","1,04","1,73","1,09","1,16","1,76","1,23","1,37",2014.01.01
Росгосстрах Банк,"1,39","0,98","1,03","1,49","1,08","1,43","1,05","1,21","1,07","1,59","1,38","1,11","1,19",2014.01.01
МТС Банк,"1,38","1,04","1,56","1,43","1,04","1,20","1,30","1,44","1,78","1,02","1,12","1,06","1,20",2014.01.01
Русфинанс Банк,"1,44","1,67","1,49","1,15","1,14","1,05","1,33","1,54","1,38","1,74","1,25","1,53","1,79",2014.01.01
Росавтобанк,"4,49","4,86","3,74","4,13","3,62","3,98","4,22","3,47","3,67","4,64","4,51","3,33",0,2015.01.01
Авангард,"3,78","3,00","4,72","4,33","3,95","2,93","4,82","2,77","4,57","4,42","4,29","3,04","3,65",2015.01.01
Тинькофф Банк,"3,32","2,98","3,88","2,83","3,08","3,51","2,37","4,18","3,81","2,65","4,26","2,85","3,72",2015.01.01
АйМаниБанк,"2,5","2,77","1,83","2,55","2,25","1,82","2,19","2,02","1,79","2,68","3,06","3,08","2,25",2015.01.01
РосинтерБанк,"2,47","2,95","2,71","3,08","1,81","1,87","1,94","2,82","3,20","1,89","3,16","2,66","2,45",2015.01.01
Альфа-Банк,"2,07","1,82","1,67","2,21","1,92","2,43","1,81","2,46","2,34","2,48","1,85","2,23","1,93",2015.01.01
Сетелем Банк,"1,93","1,83","1,88","2,15","2,45","2,12","1,78","2,11","1,39","1,63","2,40","1,76","1,49",2015.01.01
ВТБ 24,"2,03","1,75","2,18","2,25","2,57","1,72","2,06","2,48","1,91","1,48","2,34","1,95","2,19",2015.01.01
Бинбанк,"1,92","1,50","2,28","1,60","1,57","2,08","2,11","1,91","2,26","1,80","1,96","2,22","2,39",2015.01.01
Локо-Банк,"1,84","2,23","2,21","1,87","2,16","2,12","2,14","2,03","2,18","1,38","2,39","1,77","1,50",2015.01.01
Ситибанк,"2,18","2,45","2,80","2,17","2,60","2,30","1,74","1,97","2,59","2,72","2,14","2,54","1,77",2015.01.01
Югра,"2,21","1,66","1,79","2,81","2,48","2,36","2,18","2,13","1,69","1,98","2,12","2,36","1,73",2015.01.01
Арксбанк,"2,62","2,49","2,92","2,24","3,36","3,01","2,41","1,84","2,52","1,96","3,12","3,00","2,91",2015.01.01
ЮниКредит Банк,"1,76","1,60","1,27","1,69","1,39","1,41","2,04","1,49","1,53","1,59","1,89","1,38","1,28",2015.01.01
Совкомбанк,"1,83","1,92","1,67","1,33","2,22","1,60","2,21","1,31","2,25","1,88","2,03","2,01","1,64",2015.01.01
Интеркоммерц Банк,"2,21","2,51","2,45","2,50","2,70","2,13","2,27","2,87","2,51","2,16","2,34","1,55","1,91",2015.01.01
Ханты-Мансийский банк Открытие,"1,7","1,67","1,76","1,75","1,24","1,33","1,77","2,03","1,96","1,42","2,10","1,33","1,97",2015.01.01
БМ-Банк (бывш. Банк Москвы),"2,12","2,34","1,87","2,17","1,72","2,27","2,41","2,66","2,03","2,39","2,17","1,75","1,57",2015.01.01
Промсвязьбанк,"1,96","2,00","2,40","1,81","1,71","1,57","1,82","2,34","2,50","1,90","1,54","2,19","2,11",2015.01.01
Абсолют Банк,"1,91","1,85","2,40","1,36","1,74","2,18","1,80","2,31","1,53","1,47","2,28","1,96","2,38",2015.01.01
Ренессанс Кредит,"1,75","1,58","1,73","1,30","2,22","2,17","1,56","1,82","1,42","1,44","1,47","1,84","1,64",2015.01.01
Московский Кредитный Банк,"1,87","1,63","1,35","2,05","1,42","1,86","1,88","2,41","1,98","1,67","2,00","2,22","2,11",2015.01.01
Русфинанс Банк,"2,26","2,29","2,76","1,99","2,75","1,79","2,60","1,76","1,91","1,60","1,83","1,59","1,81",2015.01.01
Яндекс.Деньги,"1,46","1,46","1,43","1,80","1,31","1,07","1,46","1,12","1,08","1,17","1,51","1,05","1,79",2015.01.01
Банк «Санкт-Петербург»,"1,77","2,02","2,24","1,64","1,36","1,30","1,80","1,70","1,33","1,87","1,58","1,64","2,30",2015.01.01
Уральский Банк Реконструкции и Развития,"1,87","2,03","1,92","1,89","1,90","1,50","2,24","1,85","2,15","1,87","1,44","2,33","1,57",2015.01.01
Росбанк,"1,57","1,44","2,04","1,56","1,94","1,70","1,66","1,35","1,38","1,37","1,83","1,39","1,40",2015.01.01
МДМ Банк,"1,72","1,83","1,96","1,87","1,66","1,26","1,66","1,96","1,49","1,72","1,98","1,96","1,59",2015.01.01
Инвестторгбанк,"1,98","1,85","2,14","1,99","2,22","2,20","2,46","1,42","1,61","1,69","2,26","1,44","2,37",2015.01.01
Райффайзенбанк,"1,89","1,81","1,55","2,25","2,35","2,17","1,87","1,86","2,41","1,48","2,39","1,66","2,35",2015.01.01
Русский Стандарт,"1,75","2,17","1,68","1,24","1,71","1,91","1,59","1,72","2,24","1,68","1,91","2,10","1,94",2015.01.01
Московский Областной Банк,"1,57","1,92","1,14","1,58","1,25","1,22","1,94","1,72","1,39","1,76","1,67","1,75","1,79",2015.01.01
Киви Банк,"1,63","1,98","2,07","1,25","1,36","1,15","1,37","1,31","1,77","1,25","1,26","1,54","2,09",2015.01.01
ФК Открытие,"1,61","1,32","1,29","1,41","1,83","1,67","1,84","1,87","1,60","1,58","1,79","2,05","1,37",2015.01.01
Хоум Кредит Банк,"1,66","1,49","1,70","2,10","1,68","2,02","1,64","1,47","1,67","1,75","1,23","1,56","2,06",2015.01.01
Восточный Экспресс Банк,"1,57","1,90","2,00","1,18","1,92","1,91","1,41","1,38","1,93","1,95","1,82","2,04","1,22",2015.01.01
ОТП Банк,"1,4","1,15","1,60","1,22","1,64","1,13","1,37","1,78","1,25","1,00","1,54","1,50","1,79",2015.01.01
Кредит Европа Банк,"1,35","1,49","1,14","1,35","1,11","1,16","1,33","1,08","1,61","1,74","1,75","1,13","1,00",2015.01.01
Юниаструм Банк,"1,59","1,23","1,62","1,47","1,23","1,91","1,47","1,36","1,85","1,83","1,95","1,40","1,25",2015.01.01
Сбербанк России,"1,49","1,14","1,39","1,21","1,87","1,44","1,42","1,16","1,35","1,55","1,72","1,76","1,64",2015.01.01
Газпромбанк,"1,59","1,23","1,73","1,86","1,47","1,14","1,32","1,81","1,71","1,54","1,72","1,86","1,94",2015.01.01
Национальный Банк «Траст»,"1,46","1,38","1,19","1,53","1,70","1,65","1,43","1,21","1,26","1,79","1,74","1,45","1,42",2015.01.01
Россельхозбанк,"1,6","1,34","1,62","1,57","1,61","1,31","1,32","2,06","1,78","1,14","1,32","1,50","1,55",2015.01.01
АктивКапитал Банк,"1,62","1,94","1,28","1,66","1,69","1,16","1,28","1,81","1,43","1,64","2,03","1,54","1,48",2015.01.01
Бинбанк кредитные карты,"1,35","0,98","1,60","1,53","1,39","1,19","1,72","1,27","1,40","1,07","1,02","1,25","1,69",2015.01.01
Банк Уралсиб,"1,48","1,30","1,27","1,71","1,15","1,41","1,44","1,33","1,55","1,53","1,89","1,48","1,56",2015.01.01
МТС Банк,"1,38","1,74","1,42","1,79","1,38","1,78","1,40","1,46","1,53","1,58","1,30","1,76","1,57",2015.01.01
Росгосстрах Банк,"1,39","1,01","1,20","1,73","1,65","0,99","1,48","1,52","1,06","1,59","1,31","1,76","1,36",2015.01.01
Балтинвестбанк,"1,36","1,43","1,09","1,58","1,19","1,06","1,51","1,50","1,25","1,54","1,66","1,21","1,48",2015.01.01
Почта Банк,"1,32","1,16","1,10","1,65","1,68","1,51","1,19","1,46","0,95","1,44","1,25","1,17","1,41",2015.01.01
Авангард,"3,33","2,55","4,25","3,85","3,69","3,23","2,82","3,81","3,50","3,31","2,81","3,07","3,60",2016.01.01
Тинькофф Банк,"3,21","3,71","3,00","3,34","3,54","3,89","3,41","3,51","3,17","4,03","2,52","3,07","3,68",2016.01.01
Модульбанк,"3,53","4,36","3,47","3,00","3,44","4,27","3,60","2,97","3,17","3,51","3,38","3,44","4,30",2016.01.01
Транскапиталбанк (ТКБ),"2,74","2,26","3,52","2,27","3,09","3,50","2,83","2,30","2,69","3,13","3,50","3,50","3,09",2016.01.01
ДельтаКредит,"2,72","1,91","2,29","3,30","2,03","2,80","2,47","2,01","2,63","2,55","3,01","2,88","3,37",2016.01.01
Русфинанс Банк,"2,45","2,73","2,22","2,75","2,89","1,74","2,16","3,04","2,68","2,45","2,82","2,89","2,71",2016.01.01
Альфа-Банк,"1,92","2,32","2,22","2,18","2,00","2,11","1,60","2,09","1,71","2,27","1,75","1,60","2,03",2016.01.01
ЮниКредит Банк,"1,75","1,24","1,61","1,32","1,43","2,02","2,24","2,11","1,92","1,51","1,30","2,00","1,49",2016.01.01
Сетелем Банк,"1,76","2,27","2,11","1,72","2,06","1,71","1,66","2,00","1,92","1,24","2,11","1,52","1,34",2016.01.01
ФК Открытие,"1,83","2,10","2,31","2,29","1,35","1,69","2,37","1,73","1,77","2,08","1,63","2,18","1,67",2016.01.01
Ренессанс Кредит,"1,63","1,21","1,61","1,74","1,15","1,67","1,55","1,49","1,31","1,60","1,41","1,53","1,99",2016.01.01
ВТБ 24,"1,77","1,60","1,79","1,56","1,88","1,25","1,54","1,72","2,20","2,21","1,44","1,55","1,47",2016.01.01
Промсвязьбанк,"2,05","1,62","2,10","1,92","1,48","2,24","2,63","1,77","2,59","2,65","2,40","2,62","2,58",2016.01.01
Банк «Санкт-Петербург»,"1,78","2,29","2,15","1,35","1,86","2,31","1,90","1,58","1,95","2,29","1,54","1,99","1,27",2016.01.01
Локо-Банк,"1,63","1,61","2,09","1,19","1,89","2,05","1,43","1,87","1,68","1,87","1,75","1,21","1,19",2016.01.01
Совкомбанк,"1,56","1,95","1,73","2,01","1,48","1,23","1,87","1,51","1,67","1,74","1,59","1,59","1,98",2016.01.01
Ситибанк,"2,01","2,01","2,20","2,43","1,89","2,02","2,05","2,46","2,48","1,96","1,72","1,73","2,51",2016.01.01
Московский Кредитный Банк,"1,86","2,02","2,30","1,66","1,66","2,38","1,61","1,39","2,40","2,04","2,02","1,50","2,19",2016.01.01
Райффайзенбанк,"1,77","2,05","1,46","1,84","1,26","2,17","1,98","2,18","1,69","1,77","1,54","1,92","1,87",2016.01.01
Почта Банк,"1,66","1,52","1,30","2,03","2,00","1,43","1,47","1,46","1,88","1,66","1,55","2,05","1,73",2016.01.01
Восточный Экспресс Банк,"1,52","1,22","1,40","1,84","1,09","1,19","1,29","1,12","1,97","1,50","1,59","1,40","1,70",2016.01.01
Яндекс.Деньги,"1,42","1,38","1,05","1,80","1,08","1,48","1,02","1,46","1,72","1,35","1,41","1,22","1,60",2016.01.01
Хоум Кредит Банк,"1,55","1,51","1,76","1,12","1,77","1,43","1,57","1,30","1,70","1,82","1,35","1,10","1,13",2016.01.01
Абсолют Банк,"1,83","1,30","2,21","1,85","1,71","1,90","1,78","1,69","2,37","2,35","1,97","1,59","2,11",2016.01.01
ОТП Банк,"1,44","1,86","1,72","1,06","1,10","1,48","1,32","1,79","1,13","1,08","1,36","1,13","1,81",2016.01.01
Московский Индустриальный Банк,"1,6","1,63","1,41","1,40","1,14","1,28","1,89","1,96","2,01","1,15","1,78","1,96","1,78",2016.01.01
Ак Барс,"1,53","1,29","1,19","1,71","1,40","1,79","1,72","1,65","1,76","1,68","1,15","1,11","1,14",2016.01.01
Россельхозбанк,"1,52","1,35","1,08","1,90","1,65","1,22","1,63","1,34","1,20","1,96","1,19","1,78","1,24",2016.01.01
Бинбанк,"1,56","1,69","1,34","1,39","1,16","1,84","1,16","1,17","2,00","1,35","1,97","1,51","2,02",2016.01.01
Кредит Европа Банк,"1,54","1,47","1,19","1,62","1,19","1,44","1,97","1,69","1,89","1,93","1,49","1,91","1,77",2016.01.01
Русский Стандарт,"1,49","1,49","1,39","1,65","1,84","1,93","1,20","1,86","1,13","1,74","1,06","1,83","1,33",2016.01.01
СМП Банк,"1,68","2,10","2,05","1,23","1,27","2,15","1,92","1,52","1,87","1,48","1,94","1,71","1,22",2016.01.01
Бинбанк Столица,"1,62","1,36","2,01","1,74","1,14","1,55","1,15","1,59","1,61","1,73","1,19","1,91","1,42",2016.01.01
Тач Банк,"1,65","1,98","2,12","1,66","1,70","1,20","1,22","1,18","2,04","1,46","1,30","1,41","1,36",2016.01.01
Росбанк,"1,51","1,19","1,59","1,65","1,96","1,58","1,36","1,76","1,45","1,25","1,46","1,59","1,51",2016.01.01
Уральский Банк Реконструкции и Развития,"1,45","1,24","1,23","1,83","1,11","1,03","1,17","1,41","1,35","1,73","1,35","1,23","1,06",2016.01.01
Сбербанк России,"1,37","1,40","1,76","1,61","1,58","1,61","1,07","1,45","1,47","1,50","1,62","1,21","1,39",2016.01.01
Национальный Банк «Траст»,"1,38","1,24","1,28","0,98","1,69","1,20","1,16","1,71","1,29","1,70","1,73","1,23","0,99",2016.01.01
МТС Банк,"1,46","1,67","1,55","1,06","1,50","1,60","1,63","1,24","1,72","1,11","1,08","1,52","1,16",2016.01.01
Возрождение,"1,26","1,63","1,24","1,28","1,57","1,54","0,95","1,09","1,35","1,62","1,25","1,63","1,44",2016.01.01
Киви Банк,"1,54","1,53","1,40","1,58","1,41","1,84","1,39","1,62","1,10","1,13","1,82","1,10","1,35",2016.01.01
Юниаструм Банк,"1,63","2,02","2,07","1,96","2,08","1,71","1,90","1,35","1,55","1,51","1,68","1,51","1,36",2016.01.01
Банк Уралсиб,"1,42","1,59","1,09","1,19","1,16","1,77","1,72","1,35","1,55","1,34","1,67","1,26","1,55",2016.01.01
Югра,"1,51","1,81","1,92","1,16","1,77","1,48","1,55","1,76","1,26","1,74","1,68","1,65","1,28",2016.01.01
Росгосстрах Банк,"1,34","1,31","1,26","1,23","0,96","1,43","1,21","0,96","1,65","1,41","1,08","1,30","1,66",2016.01.01
Бинбанк кредитные карты,"1,22","1,16","0,89","0,94","0,90","1,47","1,09","1,09","1,08","1,12","0,99","1,19","1,20",2016.01.01
Российский Капитал,"1,29","0,91","1,41","1,28","1,16","0,99","1,46","1,57","1,36","1,38","1,61","0,91","1,63",2016.01.01
ВТБ Банк Москвы,"1,48","1,17","1,22","1,67","1,23","1,92","1,20","1,87","1,38","1,77","1,87","1,49","1,18",2016.01.01
Газпромбанк,"1,36","1,58","1,34","1,49","1,40","1,26","1,32","1,21","1,64","1,51","1,11","1,41","1,29",2016.01.01
СКБ-Банк,"1,34","1,63","1,21","1,57","1,13","1,27","1,14","1,19","1,01","1,03","1,11","1,04","1,46",2016.01.01
